circ_group,major_percent,minor_percent,rural_percent,major_closed,minor_closed,rural_closed,major_total,minor_total,rural_total
"<5,000",0.297268908,0.205231388,0.137848606,283,204,346,952,994,2510
"5,001-10,000",0.232342007,0.155080214,0.162790698,125,58,63,538,374,387
"10,001-15,000",0.342465753,0.412698413,0.38028169,100,26,27,292,63,71
"15,001-25,000",0.350923483,0.145454545,0.128654971,133,32,22,379,220,171
"25,001-50,000",0.265060241,0.113821138,0.135135135,88,28,5,332,246,37
"50,001-75,000",0.159574468,0.092105263,0.5,15,7,1,94,76,2
"75,001-100,000",0.325581395,0,0,14,0,0,43,27,0
">100,000",0.095652174,0.064516129,0,11,2,0,115,31,2