poverty_group,major_percent,minor_percent,rural_percent
>30%,0.283901665,0.20119225,0.024417314
20.1%-30%,0.267492711,0.152110626,0.122954259
10.1%-20%,0.391304348,0.164556962,0.117794486
<10%,0,0,0.068965517