poverty_group,major_percent,minor_percent,rural_percent,major_closed,minor_closed,rural_closed,major_total,minor_total,rural_total
>30%,0.283901665,0.20119225,0.024417314,358,135,22,1261,671,901
20.1%-30%,0.267492711,0.152110626,0.122954259,367,209,293,1372,1374,2383
10.1%-20%,0.391304348,0.164556962,0.117794486,45,13,47,115,79,399
<10%,0,0,0.068965517,0,0,2,0,7,29